"","US_EQUITY","EUROPE_EQUITY","US_TREASURY","IG_CREDIT","GOLD"
"US_EQUITY",1,-0.0184321826632153,-0.0107332027481468,0.0281971083444834,-0.00577721470373768
"EUROPE_EQUITY",-0.0184321826632153,1,0.0176697046507266,0.0309812589590844,0.116439695272425
"US_TREASURY",-0.0107332027481468,0.0176697046507266,1,-0.0179446204075911,-0.0183427261380974
"IG_CREDIT",0.0281971083444834,0.0309812589590844,-0.0179446204075911,1,0.0393566319607742
"GOLD",-0.00577721470373768,0.116439695272425,-0.0183427261380974,0.0393566319607742,1
